{"lattice_params": [3.25618e-10, 3.25618e-10, 3.25618e-10, 90, 90, 90], "space_group": 229, "material": "beta_Ti", "pos_list": [["Ti", [0, 0, 0]], ["Ti", [0.5, 0.5, 0.5]]]}